Sector,Partner,Required,Receive,Quarter,Gap,Reported,Year,NewReceived
CASH,ACF,2190000,947055,Yearly,,No,2014,947055
FOOD SECURITY,ACF,200000,0,Yearly,,No,2014,0
HEALTH,ACF,631042,0,Yearly,,No,2014,0
PROTECTION,ACF,714235,431496,Yearly,,No,2014,431496
WASH,ACF,2957124,417105,Yearly,,No,2014,417105
CASH,ACTED,1600000,1488001,Yearly,,No,2014,1488001
FOOD SECURITY,ACTED,850000,0,Yearly,,No,2014,0
NFI,ACTED,2000000,887745,Yearly,,No,2014,887745
PROTECTION,ACTED,600000,145667,Yearly,,No,2014,145667
SHELTER,ACTED,500000,0,Yearly,,No,2014,0
WASH,ACTED,4615000,1068793,Yearly,,No,2014,1068793
EDUCATION,ActionAid,378260,378260,Yearly,,No,2014,378260
EDUCATION,ADRA,77500,123000,Yearly,,No,2014,123000
SHELTER,ADRA,750000,0,Yearly,,No,2014,0
CASH,AVSI,922474,394449,Yearly,,No,2014,394449
EDUCATION,AVSI,177500,41330,Yearly,,No,2014,41330
NFI,AVSI,275485,262840,Yearly,,No,2014,262840
PROTECTION,AVSI,312500,120000,Yearly,,No,2014,120000
CASH,CARE,13500000,11517157,Yearly,,No,2014,11517157
NFI,CARE,2500000,165800,Yearly,,No,2014,165800
PROTECTION,CARE,5250000,816972,Yearly,,No,2014,816972
CASH,Caritas Jordan,1271186,262229,Yearly,,No,2014,262229
EDUCATION,Caritas Jordan,1585000,4769540,Yearly,,No,2014,4769540
FOOD SECURITY,Caritas Jordan,1329801,2414665,Yearly,,No,2014,2414665
HEALTH,Caritas Jordan,6800000,8646150,Yearly,,No,2014,8646150
NFI,Caritas Jordan,1852600,2671535,Yearly,,No,2014,2671535
SHELTER,Caritas Jordan,1677540,2695496,Yearly,,No,2014,2695496
EDUCATION,CHF,1000000,0,Yearly,,No,2014,0
PROTECTION,CHF,9390000,0,Yearly,,No,2014,0
SHELTER,CHF,57600,0,Yearly,,No,2014,0
WASH,CHF,114500,0,Yearly,,No,2014,0
HEALTH,CVT,2500000,2550000,Yearly,,No,2014,2550000
CASH,DRC,2449600,2663451,Yearly,,No,2014,2663451
EDUCATION,DRC,215000,95594,Yearly,,No,2014,95594
NFI,DRC,1424645,980386,Yearly,,No,2014,980386
PROTECTION,DRC,2142880,1785071,Yearly,,No,2014,1785071
SHELTER,DRC,109400,59994,Yearly,,No,2014,59994
FOOD SECURITY,FAO,5000000,140000,Yearly,,No,2014,140000
EDUCATION,FCA,1100000,602464,Yearly,,No,2014,602464
PROTECTION,FCA,1100000,602464,Yearly,,No,2014,602464
PROTECTION,FPSC,1536680,514952,Yearly,,No,2014,514952
HEALTH,FRC,750000,0,Yearly,,No,2014,0
CASH,HI,3100000,3500000,Yearly,,No,2014,3500000
HEALTH,HI,3000000,3000000,Yearly,,No,2014,3000000
PROTECTION,HI,3500000,3500000,Yearly,,No,2014,3500000
WASH,HI,400000,0,Yearly,,No,2014,0
CASH,ICMC,313780,261668,Yearly,,No,2014,261668
NFI,ICMC,550000,613696,Yearly,,No,2014,613696
PROTECTION,ICMC,357333,385333,Yearly,,No,2014,385333
SHELTER,ICMC,886942,683358,Yearly,,No,2014,683358
PROTECTION,ILO,1435000,0,Yearly,,No,2014,0
HEALTH,IMC,6814589,6574158,Yearly,,No,2014,6574158
PROTECTION,IMC,4095080,2408415,Yearly,,No,2014,2408415
PROTECTION,Internews,252000,0,Yearly,,No,2014,0
CASH,Intersos,651000,252766,Yearly,,No,2014,252766
PROTECTION,Intersos,650000,134010,Yearly,,No,2014,134010
SHELTER,Intersos,598500,0,Yearly,,No,2014,0
PROTECTION,IOM,5382141,2300000,Yearly,,No,2014,2300000
SHELTER,IOM,3750000,0,Yearly,,No,2014,0
EDUCATION,IR,430000,290083,Yearly,,No,2014,290083
HEALTH,IR,4669782,1331178,Yearly,,No,2014,1331178
NFI,IR,1335560,666376,Yearly,,No,2014,666376
SHELTER,IR,1848374,544121,Yearly,,No,2014,544121
FOOD SECURITY,IR,0,114974,Yearly,,No,2014,114974
CASH,IRC,0,2570892,Yearly,,No,2014,2570892
HEALTH,IRC,4060000,2803947,Yearly,,No,2014,2803947
PROTECTION,IRC,9150000,3487362,Yearly,,No,2014,3487362
EDUCATION,IRD,500000,500000,Yearly,,No,2014,500000
HEALTH,IRD,1474900,2289263,Yearly,,No,2014,2289263
EDUCATION,JEN,1500000,1014000,Yearly,,No,2014,1014000
NFI,JEN,1500000,160000,Yearly,,No,2014,160000
WASH,JEN,3500000,783000,Yearly,,No,2014,783000
EDUCATION,JHAS,200000,0,Yearly,,No,2014,0
HEALTH,JHAS,4330000,0,Yearly,,No,2014,0
NFI,JHAS,1545700,836827,Yearly,,No,2014,836827
SHELTER,JHAS,500000,569423,Yearly,,No,2014,569423
WASH,JHAS,500000,350300,Yearly,,No,2014,350300
FOOD SECURITY,JHCO,2012500,0,Yearly,,No,2014,0
EDUCATION,KnK Japan,624300,625138,Yearly,,No,2014,625138
EDUCATION,LWF,1186440,1585000,Yearly,,No,2014,1585000
NFI,LWF,1768817,2048000,Yearly,,No,2014,2048000
PROTECTION,LWF,1072000,615000,Yearly,,No,2014,615000
SHELTER,LWF,141243,715000,Yearly,,No,2014,715000
WASH,LWF,670593,1222000,Yearly,,No,2014,1222000
EDUCATION,MA,290000,90753,Yearly,,No,2014,90753
NFI,MA,330000,183450,Yearly,,No,2014,183450
EDUCATION,MADRASATI ,970200,0,Yearly,,No,2014,0
HEALTH,MDM,4150000,3489687,Yearly,,No,2014,3489687
CASH,MEDAIR,1915200,2253383,Yearly,,No,2014,2253383
HEALTH,MEDAIR,1518000,404602,Yearly,,No,2014,404602
NFI,MEDAIR,1528000,373938,Yearly,,No,2014,373938
SHELTER,MEDAIR,1763000,414625,Yearly,,No,2014,414625
WASH,MEDAIR,1680000,0,Yearly,,No,2014,0
CASH,Mercy Corps,260000,244600,Yearly,,No,2014,244600
EDUCATION,Mercy Corps,2000000,339000,Yearly,,No,2014,339000
NFI,Mercy Corps,3750000,520000,Yearly,,No,2014,520000
PROTECTION,Mercy Corps,4150000,3820000,Yearly,,No,2014,3820000
SHELTER,Mercy Corps,2175000,380000,Yearly,,No,2014,380000
WASH,Mercy Corps,5348899,1219655,Yearly,,No,2014,1219655
NFI,MPDL,60000,0,Yearly,,No,2014,0
PROTECTION,MPDL,133000,47740,Yearly,,No,2014,47740
EDUCATION,NICCOD,292000,292000,Yearly,,No,2014,292000
HEALTH,NICCOD,177500,177500,Yearly,,No,2014,177500
NFI,NICCOD,835000,835000,Yearly,,No,2014,835000
PROTECTION,NICCOD,50000,50000,Yearly,,No,2014,50000
EDUCATION,NRC,3306200,3087383,Yearly,,No,2014,3087383
NFI,NRC,10250000,5127679,Yearly,,No,2014,5127679
PROTECTION,NRC,750000,1533024,Yearly,,No,2014,1533024
SHELTER,NRC,10240000,10161724,Yearly,,No,2014,10161724
HEALTH,OPM,140000,73272,Yearly,,No,2014,73272
NFI,OPM,260000,0,Yearly,,No,2014,0
CASH,OXFAM,4706760,2719165,Yearly,,No,2014,2719165
NFI,OXFAM,3527790,1848966,Yearly,,No,2014,1848966
PROTECTION,OXFAM,286930,1231618,Yearly,,No,2014,1231618
WASH,OXFAM,4532549,3194666,Yearly,,No,2014,3194666
CASH,PU-AMI,1880000,722208,Yearly,,No,2014,722208
HEALTH,PU-AMI,630946,0,Yearly,,No,2014,0
NFI,PU-AMI,14240,0,Yearly,,No,2014,0
SHELTER,PU-AMI,355759,210764,Yearly,,No,2014,210764
PROTECTION,PU-AMI,0,112150,Yearly,,No,2014,112150
PROTECTION,Questcope,267500,214025,Yearly,,No,2014,214025
HEALTH,RHAS,480000,0,Yearly,,No,2014,0
EDUCATION,RI,4180000,0,Yearly,,No,2014,0
HEALTH,RI,1500000,0,Yearly,,No,2014,0
WASH,RI,8270000,0,Yearly,,No,2014,0
EDUCATION,SC Jordan,400000,22618,Yearly,,No,2014,22618
HEALTH,SC Jordan,1000000,116031,Yearly,,No,2014,116031
PROTECTION,SC Jordan,1515000,405369,Yearly,,No,2014,405369
CASH,SCI,2000000,7743052,Yearly,,No,2014,7743052
EDUCATION,SCI,2055000,9503137,Yearly,,No,2014,9503137
NFI,SCI,2050000,2111372,Yearly,,No,2014,2111372
PROTECTION,SCI,2351000,2899584,Yearly,,No,2014,2899584
EDUCATION,Taghyeer,220000,13000,Yearly,,No,2014,13000
PROTECTION,TDH,475164,710507,Yearly,,No,2014,710507
EDUCATION,TDHI,163000,0,Yearly,,No,2014,0
HEALTH,TDHI,59000,0,Yearly,,No,2014,0
PROTECTION,TDHI,192000,0,Yearly,,No,2014,0
PROTECTION,TGH,414500,41100,Yearly,,No,2014,41100
PROTECTION,Un Women,600000,1371600,Yearly,,No,2014,1371600
PROTECTION,UNDP,5500000,0,Yearly,,No,2014,0
WASH,UNDP,5000000,0,Yearly,,No,2014,0
EDUCATION,UNESCO,2747679,1747679,Yearly,,No,2014,1747679
PROTECTION,UNESCO,453892,453892,Yearly,,No,2014,453892
HEALTH,UNFPA,7313562,4369043,Yearly,,No,2014,4369043
PROTECTION,UNFPA,5666130,3492703,Yearly,,No,2014,3492703
SHELTER,UNHABITAT,4350000,0,Yearly,,No,2014,0
WASH,UNHABITAT,1235000,0,Yearly,,No,2014,0
CASH,UNHCR,56772883,49838609,Yearly,,No,2014,49838609
EDUCATION,UNHCR,1750000,582768,Yearly,,No,2014,582768
FOOD SECURITY,UNHCR,500000,166505,Yearly,,No,2014,166505
HEALTH,UNHCR,22573996,14150411,Yearly,,No,2014,14150411
NFI,UNHCR,34145087,15383851,Yearly,,No,2014,15383851
PROTECTION,UNHCR,56563588,44586661,Yearly,,No,2014,44586661
SHELTER,UNHCR,88103981,56819089,Yearly,,No,2014,56819089
WASH,UNHCR,13470300,7175185,Yearly,,No,2014,7175185
EDUCATION,UNICEF,42458325,35523796,Yearly,,No,2014,35523796
HEALTH,UNICEF,9768019,3388151,Yearly,,No,2014,3388151
PROTECTION,UNICEF,22085515,27319516,Yearly,,No,2014,27319516
WASH,UNICEF,66407040,50640431,Yearly,,No,2014,50640431
HEALTH,UNOPS,1900000,500000,Yearly,,No,2014,500000
SHELTER,UNOPS,2800000,0,Yearly,,No,2014,0
HEALTH,UPP,138681,84745,Yearly,,No,2014,84745
PROTECTION,UPP,107261,197740,Yearly,,No,2014,197740
EDUCATION,WarChild UK,152310,45000,Yearly,,No,2014,45000
PROTECTION,WarChild UK,392568,216296,Yearly,,No,2014,216296
FOOD SECURITY,WFP,276343066,248793190,Yearly,,No,2014,248793190
HEALTH,WHO,7969000,2463315,Yearly,,No,2014,2463315
CASH,WVI,348366,0,Yearly,,No,2014,0
EDUCATION,WVI,3813984,2732816,Yearly,,No,2014,2732816
FOOD SECURITY,WVI,749242,3554952,Yearly,,No,2014,3554952
NFI,WVI,1724984,1565317,Yearly,,No,2014,1565317
PROTECTION,WVI,145090,619070,Yearly,,No,2014,619070
WASH,WVI,3439752,3792769,Yearly,,No,2014,3792769
HEALTH,SRD,528351,0,Yearly,,No,2014,0
CASH,ACF,2190000,433013,First Quarter,1756987,Yes,2014,433013
FOOD SECURITY,ACF,200000,0,First Quarter,200000,Yes,2014,0
HEALTH,ACF,631042,0,First Quarter,631042,Yes,2014,0
PROTECTION,ACF,714235,204252,First Quarter,509983,Yes,2014,204252
WASH,ACF,2957124,202234,First Quarter,2754890,Yes,2014,202234
CASH,ACTED,1600000,860000,First Quarter,740000,Yes,2014,860000
FOOD SECURITY,ACTED,850000,0,First Quarter,850000,Yes,2014,0
NFI,ACTED,2000000,720368,First Quarter,1279632,Yes,2014,720368
PROTECTION,ACTED,600000,0,First Quarter,600000,Yes,2014,0
SHELTER,ACTED,500000,0,First Quarter,500000,Yes,2014,0
WASH,ACTED,4615000,460000,First Quarter,4155000,Yes,2014,460000
EDUCATION,ActionAid,378260,0,First Quarter,378260,Yes,2014,0
EDUCATION,ADRA,77500,123000,First Quarter,-45500,Yes,2014,123000
SHELTER,ADRA,750000,0,First Quarter,750000,Yes,2014,0
CASH,AVSI,922474,300758,First Quarter,621716,Yes,2014,300758
EDUCATION,AVSI,177500,20000,First Quarter,157500,Yes,2014,20000
NFI,AVSI,275485,262840,First Quarter,12645,Yes,2014,262840
PROTECTION,AVSI,312500,120000,First Quarter,192500,Yes,2014,120000
CASH,CARE,13500000,7284074,First Quarter,6215926,Yes,2014,7284074
NFI,CARE,2500000,150000,First Quarter,2350000,Yes,2014,150000
PROTECTION,CARE,5250000,58427,First Quarter,5191573,Yes,2014,58427
CASH,Caritas Jordan,1271186,0,First Quarter,1271186,Yes,2014,0
EDUCATION,Caritas Jordan,1585000,2713766,First Quarter,-1128766,Yes,2014,2713766
FOOD SECURITY,Caritas Jordan,1329801,1075564,First Quarter,254237,Yes,2014,1075564
HEALTH,Caritas Jordan,6800000,2489005,First Quarter,4310995,Yes,2014,2489005
NFI,Caritas Jordan,1852600,1624293,First Quarter,228307,Yes,2014,1624293
SHELTER,Caritas Jordan,1677540,2313843,First Quarter,-636303,Yes,2014,2313843
EDUCATION,CHF,1000000,0,First Quarter,1000000,Yes,2014,0
PROTECTION,CHF,9390000,0,First Quarter,9390000,Yes,2014,0
SHELTER,CHF,57600,0,First Quarter,57600,Yes,2014,0
WASH,CHF,114500,0,First Quarter,114500,Yes,2014,0
HEALTH,CVT,2500000,1650000,First Quarter,850000,Yes,2014,1650000
CASH,DRC,2449600,855046,First Quarter,1594554,Yes,2014,855046
EDUCATION,DRC,215000,0,First Quarter,215000,Yes,2014,0
NFI,DRC,1424645,812290,First Quarter,612355,Yes,2014,812290
PROTECTION,DRC,2142880,285911,First Quarter,1856969,Yes,2014,285911
SHELTER,DRC,109400,59994,First Quarter,49406,Yes,2014,59994
FOOD SECURITY,FAO,5000000,140000,First Quarter,4860000,Yes,2014,140000
EDUCATION,FCA,1100000,571949,First Quarter,528051,Yes,2014,571949
PROTECTION,FCA,1100000,571949,First Quarter,528051,Yes,2014,571949
PROTECTION,FPSC,1536680,241230,First Quarter,1295450,Yes,2014,241230
HEALTH,FRC,750000,0,First Quarter,750000,Yes,2014,0
CASH,HI,3100000,0,First Quarter,3100000,Yes,2014,0
HEALTH,HI,3000000,1000000,First Quarter,2000000,Yes,2014,1000000
PROTECTION,HI,3500000,1500000,First Quarter,2000000,Yes,2014,1500000
WASH,HI,400000,0,First Quarter,400000,Yes,2014,0
CASH,ICMC,313780,0,First Quarter,313780,Yes,2014,0
NFI,ICMC,550000,182000,First Quarter,368000,Yes,2014,182000
PROTECTION,ICMC,357333,28000,First Quarter,329333,Yes,2014,28000
SHELTER,ICMC,886942,246000,First Quarter,640942,Yes,2014,246000
PROTECTION,ILO,1435000,0,First Quarter,1435000,Yes,2014,0
HEALTH,IMC,6814589,3724428,First Quarter,3090161,Yes,2014,3724428
PROTECTION,IMC,4095080,997105,First Quarter,3097975,Yes,2014,997105
PROTECTION,Internews,252000,0,First Quarter,252000,Yes,2014,0
CASH,Intersos,651000,0,First Quarter,651000,Yes,2014,0
PROTECTION,Intersos,650000,134010,First Quarter,515990,Yes,2014,134010
SHELTER,Intersos,598500,0,First Quarter,598500,Yes,2014,0
PROTECTION,IOM,5382141,2300000,First Quarter,3082141,Yes,2014,2300000
SHELTER,IOM,3750000,0,First Quarter,3750000,Yes,2014,0
EDUCATION,IR,430000,281752,First Quarter,148248,Yes,2014,281752
HEALTH,IR,4669782,571695,First Quarter,4098087,Yes,2014,571695
NFI,IR,1335560,666376,First Quarter,669184,Yes,2014,666376
SHELTER,IR,1848374,102282,First Quarter,1746092,Yes,2014,102282
FOOD SECURITY,IR,0,0,First Quarter,0,Yes,2014,0
CASH,IRC,0,2084266,First Quarter,-2084266,Yes,2014,2084266
HEALTH,IRC,4060000,1656489,First Quarter,2403511,Yes,2014,1656489
PROTECTION,IRC,9150000,2528515,First Quarter,6621485,Yes,2014,2528515
EDUCATION,IRD,500000,500000,First Quarter,0,Yes,2014,500000
HEALTH,IRD,1474900,750000,First Quarter,724900,Yes,2014,750000
EDUCATION,JEN,1500000,250000,First Quarter,1250000,Yes,2014,250000
NFI,JEN,1500000,160000,First Quarter,1340000,Yes,2014,160000
WASH,JEN,3500000,200000,First Quarter,3300000,Yes,2014,200000
EDUCATION,JHAS,200000,0,First Quarter,200000,Yes,2014,0
HEALTH,JHAS,4330000,0,First Quarter,4330000,Yes,2014,0
NFI,JHAS,1545700,566506,First Quarter,979194,Yes,2014,566506
SHELTER,JHAS,500000,435532,First Quarter,64468,Yes,2014,435532
WASH,JHAS,500000,186655,First Quarter,313345,Yes,2014,186655
FOOD SECURITY,JHCO,2012500,0,First Quarter,2012500,Yes,2014,0
EDUCATION,KnK Japan,624300,625138,First Quarter,-838,Yes,2014,625138
EDUCATION,LWF,1186440,600000,First Quarter,586440,Yes,2014,600000
NFI,LWF,1768817,1170000,First Quarter,598817,Yes,2014,1170000
PROTECTION,LWF,1072000,150000,First Quarter,922000,Yes,2014,150000
SHELTER,LWF,141243,258000,First Quarter,-116757,Yes,2014,258000
WASH,LWF,670593,33000,First Quarter,637593,Yes,2014,33000
EDUCATION,MA,290000,51000,First Quarter,239000,Yes,2014,51000
NFI,MA,330000,45000,First Quarter,285000,Yes,2014,45000
EDUCATION,MADRASATI ,970200,0,First Quarter,970200,Yes,2014,0
HEALTH,MDM,4150000,3489687,First Quarter,660313,Yes,2014,3489687
CASH,MEDAIR,1915200,1237824,First Quarter,677376,Yes,2014,1237824
HEALTH,MEDAIR,1518000,239267,First Quarter,1278733,Yes,2014,239267
NFI,MEDAIR,1528000,186559,First Quarter,1341441,Yes,2014,186559
SHELTER,MEDAIR,1763000,390625,First Quarter,1372375,Yes,2014,390625
WASH,MEDAIR,1680000,0,First Quarter,1680000,Yes,2014,0
CASH,Mercy Corps,260000,140000,First Quarter,120000,Yes,2014,140000
EDUCATION,Mercy Corps,2000000,160000,First Quarter,1840000,Yes,2014,160000
NFI,Mercy Corps,3750000,430000,First Quarter,3320000,Yes,2014,430000
PROTECTION,Mercy Corps,4150000,500000,First Quarter,3650000,Yes,2014,500000
SHELTER,Mercy Corps,2175000,100000,First Quarter,2075000,Yes,2014,100000
WASH,Mercy Corps,5348899,120000,First Quarter,5228899,Yes,2014,120000
NFI,MPDL,60000,0,First Quarter,60000,Yes,2014,0
PROTECTION,MPDL,133000,47740,First Quarter,85260,Yes,2014,47740
EDUCATION,NICCOD,292000,292000,First Quarter,0,Yes,2014,292000
HEALTH,NICCOD,177500,177500,First Quarter,0,Yes,2014,177500
NFI,NICCOD,835000,835000,First Quarter,0,Yes,2014,835000
PROTECTION,NICCOD,50000,50000,First Quarter,0,Yes,2014,50000
EDUCATION,NRC,3306200,3087383,First Quarter,218817,Yes,2014,3087383
NFI,NRC,10250000,2200000,First Quarter,8050000,Yes,2014,2200000
PROTECTION,NRC,750000,1533024,First Quarter,-783024,Yes,2014,1533024
SHELTER,NRC,10240000,9751724,First Quarter,488276,Yes,2014,9751724
HEALTH,OPM,140000,73272,First Quarter,66728,Yes,2014,73272
NFI,OPM,260000,0,First Quarter,260000,Yes,2014,0
CASH,OXFAM,4706760,2678394,First Quarter,2028366,Yes,2014,2678394
NFI,OXFAM,3527790,1066110,First Quarter,2461680,Yes,2014,1066110
PROTECTION,OXFAM,286930,149674,First Quarter,137256,Yes,2014,149674
WASH,OXFAM,4532549,1402604,First Quarter,3129945,Yes,2014,1402604
CASH,PU-AMI,1880000,179540,First Quarter,1700460,Yes,2014,179540
HEALTH,PU-AMI,630946,0,First Quarter,630946,Yes,2014,0
NFI,PU-AMI,14240,0,First Quarter,14240,Yes,2014,0
SHELTER,PU-AMI,355759,210764,First Quarter,144995,Yes,2014,210764
PROTECTION,PU-AMI,0,0,First Quarter,0,Yes,2014,0
PROTECTION,Questcope,267500,214025,First Quarter,53475,Yes,2014,214025
HEALTH,RHAS,480000,0,First Quarter,480000,Yes,2014,0
EDUCATION,RI,4180000,0,First Quarter,4180000,Yes,2014,0
HEALTH,RI,1500000,0,First Quarter,1500000,Yes,2014,0
WASH,RI,8270000,0,First Quarter,8270000,Yes,2014,0
EDUCATION,SC Jordan,400000,0,First Quarter,400000,Yes,2014,0
HEALTH,SC Jordan,1000000,15487,First Quarter,984513,Yes,2014,15487
PROTECTION,SC Jordan,1515000,97291,First Quarter,1417709,Yes,2014,97291
CASH,SCI,2000000,4676001,First Quarter,-2676001,Yes,2014,4676001
EDUCATION,SCI,2055000,568040,First Quarter,1486960,Yes,2014,568040
NFI,SCI,2050000,1716141,First Quarter,333859,Yes,2014,1716141
PROTECTION,SCI,2351000,940413,First Quarter,1410587,Yes,2014,940413
EDUCATION,Taghyeer,220000,0,First Quarter,220000,Yes,2014,0
PROTECTION,TDH,475164,230802,First Quarter,244362,Yes,2014,230802
EDUCATION,TDHI,163000,0,First Quarter,163000,Yes,2014,0
HEALTH,TDHI,59000,0,First Quarter,59000,Yes,2014,0
PROTECTION,TDHI,192000,0,First Quarter,192000,Yes,2014,0
PROTECTION,TGH,414500,41100,First Quarter,373400,Yes,2014,41100
PROTECTION,Un Women,600000,0,First Quarter,600000,Yes,2014,0
PROTECTION,UNDP,5500000,0,First Quarter,5500000,Yes,2014,0
WASH,UNDP,5000000,0,First Quarter,5000000,Yes,2014,0
EDUCATION,UNESCO,2747679,1747679,First Quarter,1000000,Yes,2014,1747679
PROTECTION,UNESCO,453892,453892,First Quarter,0,Yes,2014,453892
HEALTH,UNFPA,7313562,2330000,First Quarter,4983562,Yes,2014,2330000
PROTECTION,UNFPA,5666130,1910000,First Quarter,3756130,Yes,2014,1910000
SHELTER,UNHABITAT,4350000,0,First Quarter,4350000,Yes,2014,0
WASH,UNHABITAT,1235000,0,First Quarter,1235000,Yes,2014,0
CASH,UNHCR,56772883,15486831,First Quarter,41286052,Yes,2014,15486831
EDUCATION,UNHCR,1750000,308131,First Quarter,1441869,Yes,2014,308131
FOOD SECURITY,UNHCR,500000,88037,First Quarter,411963,Yes,2014,88037
HEALTH,UNHCR,22573996,5321948,First Quarter,17252048,Yes,2014,5321948
NFI,UNHCR,34145087,7394418,First Quarter,26750669,Yes,2014,7394418
PROTECTION,UNHCR,56563588,21046014,First Quarter,35517574,Yes,2014,21046014
SHELTER,UNHCR,88103981,21045215,First Quarter,67058766,Yes,2014,21045215
WASH,UNHCR,13470300,2594780,First Quarter,10875520,Yes,2014,2594780
EDUCATION,UNICEF,42458325,28093796,First Quarter,14364529,Yes,2014,28093796
HEALTH,UNICEF,9768019,1399449,First Quarter,8368570,Yes,2014,1399449
PROTECTION,UNICEF,22085515,23952386,First Quarter,-1866871,Yes,2014,23952386
WASH,UNICEF,66407040,22218352,First Quarter,44188688,Yes,2014,22218352
HEALTH,UNOPS,1900000,500000,First Quarter,1400000,Yes,2014,500000
SHELTER,UNOPS,2800000,0,First Quarter,2800000,Yes,2014,0
HEALTH,UPP,138681,84745,First Quarter,53936,Yes,2014,84745
PROTECTION,UPP,107261,197740,First Quarter,-90479,Yes,2014,197740
EDUCATION,WarChild UK,152310,0,First Quarter,152310,Yes,2014,0
PROTECTION,WarChild UK,392568,216296,First Quarter,176272,Yes,2014,216296
FOOD SECURITY,WFP,276343066,49766091,First Quarter,226576975,Yes,2014,49766091
HEALTH,WHO,7969000,1713315,First Quarter,6255685,Yes,2014,1713315
CASH,WVI,348366,0,First Quarter,348366,Yes,2014,0
EDUCATION,WVI,3813984,0,First Quarter,3813984,Yes,2014,0
FOOD SECURITY,WVI,749242,0,First Quarter,749242,Yes,2014,0
NFI,WVI,1724984,1565317,First Quarter,159667,Yes,2014,1565317
PROTECTION,WVI,145090,619070,First Quarter,-473980,Yes,2014,619070
WASH,WVI,3439752,0,First Quarter,3439752,Yes,2014,0
HEALTH,SRD,528351,0,First Quarter,528351,Yes,2014,0
CASH,ACF,2190000,0,Second Quarter,1756987,Yes,2014,433013
FOOD SECURITY,ACF,200000,0,Second Quarter,200000,Yes,2014,0
HEALTH,ACF,631042,0,Second Quarter,631042,Yes,2014,0
PROTECTION,ACF,714235,0,Second Quarter,509983,Yes,2014,204252
WASH,ACF,2957124,0,Second Quarter,2754890,Yes,2014,202234
CASH,ACTED,1600000,525000,Second Quarter,215000,Yes,2014,1385000
FOOD SECURITY,ACTED,850000,0,Second Quarter,850000,Yes,2014,0
NFI,ACTED,2000000,0,Second Quarter,1279632,Yes,2014,720368
PROTECTION,ACTED,600000,10000,Second Quarter,590000,Yes,2014,10000
SHELTER,ACTED,500000,0,Second Quarter,500000,Yes,2014,0
WASH,ACTED,4615000,450000,Second Quarter,3705000,Yes,2014,910000
EDUCATION,ActionAid,378260,128140,Second Quarter,250120,Yes,2014,128140
EDUCATION,ADRA,77500,0,Second Quarter,-45500,Yes,2014,123000
SHELTER,ADRA,750000,0,Second Quarter,750000,Yes,2014,0
CASH,AVSI,922474,0,Second Quarter,621716,Yes,2014,300758
EDUCATION,AVSI,177500,0,Second Quarter,157500,Yes,2014,20000
NFI,AVSI,275485,0,Second Quarter,12645,Yes,2014,262840
PROTECTION,AVSI,312500,0,Second Quarter,192500,Yes,2014,120000
CASH,CARE,13500000,1841334,Second Quarter,4374592,Yes,2014,9125408
NFI,CARE,2500000,15800,Second Quarter,2334200,Yes,2014,165800
PROTECTION,CARE,5250000,501000,Second Quarter,4690573,Yes,2014,559427
CASH,Caritas Jordan,1271186,0,Second Quarter,1271186,Yes,2014,0
EDUCATION,Caritas Jordan,1585000,1981977,Second Quarter,-3110743,Yes,2014,4695743
FOOD SECURITY,Caritas Jordan,1329801,42035,Second Quarter,212202,Yes,2014,1117599
HEALTH,Caritas Jordan,6800000,4746360,Second Quarter,-435365,Yes,2014,7235365
NFI,Caritas Jordan,1852600,285641,Second Quarter,-57334,Yes,2014,1909934
SHELTER,Caritas Jordan,1677540,0,Second Quarter,-636303,Yes,2014,2313843
EDUCATION,CHF,1000000,0,Second Quarter,1000000,Yes,2014,0
PROTECTION,CHF,9390000,0,Second Quarter,9390000,Yes,2014,0
SHELTER,CHF,57600,0,Second Quarter,57600,Yes,2014,0
WASH,CHF,114500,0,Second Quarter,114500,Yes,2014,0
HEALTH,CVT,2500000,0,Second Quarter,850000,Yes,2014,1650000
CASH,DRC,2449600,263993,Second Quarter,1330561,Yes,2014,1119039
EDUCATION,DRC,215000,0,Second Quarter,215000,Yes,2014,0
NFI,DRC,1424645,0,Second Quarter,612355,Yes,2014,812290
PROTECTION,DRC,2142880,0,Second Quarter,1856969,Yes,2014,285911
SHELTER,DRC,109400,0,Second Quarter,49406,Yes,2014,59994
FOOD SECURITY,FAO,5000000,0,Second Quarter,4860000,Yes,2014,140000
EDUCATION,FCA,1100000,30515,Second Quarter,497536,Yes,2014,602464
PROTECTION,FCA,1100000,30515,Second Quarter,497536,Yes,2014,602464
PROTECTION,FPSC,1536680,0,Second Quarter,1295450,Yes,2014,241230
HEALTH,FRC,750000,0,Second Quarter,750000,Yes,2014,0
CASH,HI,3100000,2500000,Second Quarter,600000,Yes,2014,2500000
HEALTH,HI,3000000,1250000,Second Quarter,750000,Yes,2014,2250000
PROTECTION,HI,3500000,1250000,Second Quarter,750000,Yes,2014,2750000
WASH,HI,400000,0,Second Quarter,400000,Yes,2014,0
CASH,ICMC,313780,261668,Second Quarter,52112,Yes,2014,261668
NFI,ICMC,550000,253000,Second Quarter,115000,Yes,2014,435000
PROTECTION,ICMC,357333,357333,Second Quarter,-28000,Yes,2014,385333
SHELTER,ICMC,886942,0,Second Quarter,640942,Yes,2014,246000
PROTECTION,ILO,1435000,0,Second Quarter,1435000,Yes,2014,0
HEALTH,IMC,6814589,1657000,Second Quarter,1433161,Yes,2014,5381428
PROTECTION,IMC,4095080,1004040,Second Quarter,2093935,Yes,2014,2001145
PROTECTION,Internews,252000,0,Second Quarter,252000,Yes,2014,0
CASH,Intersos,651000,0,Second Quarter,651000,Yes,2014,0
PROTECTION,Intersos,650000,0,Second Quarter,515990,Yes,2014,134010
SHELTER,Intersos,598500,0,Second Quarter,598500,Yes,2014,0
PROTECTION,IOM,5382141,0,Second Quarter,3082141,Yes,2014,2300000
SHELTER,IOM,3750000,0,Second Quarter,3750000,Yes,2014,0
EDUCATION,IR,430000,0,Second Quarter,148248,Yes,2014,281752
HEALTH,IR,4669782,474672,Second Quarter,3623415,Yes,2014,1046367
NFI,IR,1335560,0,Second Quarter,669184,Yes,2014,666376
SHELTER,IR,1848374,0,Second Quarter,1746092,Yes,2014,102282
FOOD SECURITY,IR,0,109386,Second Quarter,-109386,Yes,2014,109386
CASH,IRC,0,13187,Second Quarter,-2097453,Yes,2014,2097453
HEALTH,IRC,4060000,409600,Second Quarter,1993911,Yes,2014,2066089
PROTECTION,IRC,9150000,686777,Second Quarter,5934708,Yes,2014,3215292
EDUCATION,IRD,500000,0,Second Quarter,0,Yes,2014,500000
HEALTH,IRD,1474900,0,Second Quarter,724900,Yes,2014,750000
EDUCATION,JEN,1500000,500000,Second Quarter,750000,Yes,2014,750000
NFI,JEN,1500000,0,Second Quarter,1340000,Yes,2014,160000
WASH,JEN,3500000,400000,Second Quarter,2900000,Yes,2014,600000
EDUCATION,JHAS,200000,0,Second Quarter,200000,Yes,2014,0
HEALTH,JHAS,4330000,0,Second Quarter,4330000,Yes,2014,0
NFI,JHAS,1545700,270321,Second Quarter,708873,Yes,2014,836827
SHELTER,JHAS,500000,133891,Second Quarter,-69423,Yes,2014,569423
WASH,JHAS,500000,163645,Second Quarter,149700,Yes,2014,350300
FOOD SECURITY,JHCO,2012500,0,Second Quarter,2012500,Yes,2014,0
EDUCATION,KnK Japan,624300,0,Second Quarter,-838,Yes,2014,625138
EDUCATION,LWF,1186440,506000,Second Quarter,80440,Yes,2014,1106000
NFI,LWF,1768817,350000,Second Quarter,248817,Yes,2014,1520000
PROTECTION,LWF,1072000,300000,Second Quarter,622000,Yes,2014,450000
SHELTER,LWF,141243,115000,Second Quarter,-231757,Yes,2014,373000
WASH,LWF,670593,600000,Second Quarter,37593,Yes,2014,633000
EDUCATION,MA,290000,0,Second Quarter,239000,Yes,2014,51000
NFI,MA,330000,138450,Second Quarter,146550,Yes,2014,183450
EDUCATION,MADRASATI ,970200,0,Second Quarter,970200,Yes,2014,0
HEALTH,MDM,4150000,0,Second Quarter,660313,Yes,2014,3489687
CASH,MEDAIR,1915200,0,Second Quarter,677376,Yes,2014,1237824
HEALTH,MEDAIR,1518000,0,Second Quarter,1278733,Yes,2014,239267
NFI,MEDAIR,1528000,0,Second Quarter,1341441,Yes,2014,186559
SHELTER,MEDAIR,1763000,0,Second Quarter,1372375,Yes,2014,390625
WASH,MEDAIR,1680000,0,Second Quarter,1680000,Yes,2014,0
CASH,Mercy Corps,260000,84600,Second Quarter,35400,Yes,2014,224600
EDUCATION,Mercy Corps,2000000,97000,Second Quarter,1743000,Yes,2014,257000
NFI,Mercy Corps,3750000,0,Second Quarter,3320000,Yes,2014,430000
PROTECTION,Mercy Corps,4150000,0,Second Quarter,3650000,Yes,2014,500000
SHELTER,Mercy Corps,2175000,280000,Second Quarter,1795000,Yes,2014,380000
WASH,Mercy Corps,5348899,199655,Second Quarter,5029244,Yes,2014,319655
NFI,MPDL,60000,0,Second Quarter,60000,Yes,2014,0
PROTECTION,MPDL,133000,0,Second Quarter,85260,Yes,2014,47740
EDUCATION,NICCOD,292000,0,Second Quarter,0,Yes,2014,292000
HEALTH,NICCOD,177500,0,Second Quarter,0,Yes,2014,177500
NFI,NICCOD,835000,0,Second Quarter,0,Yes,2014,835000
PROTECTION,NICCOD,50000,0,Second Quarter,0,Yes,2014,50000
EDUCATION,NRC,3306200,0,Second Quarter,218817,Yes,2014,3087383
NFI,NRC,10250000,0,Second Quarter,8050000,Yes,2014,2200000
PROTECTION,NRC,750000,0,Second Quarter,-783024,Yes,2014,1533024
SHELTER,NRC,10240000,0,Second Quarter,488276,Yes,2014,9751724
HEALTH,OPM,140000,0,Second Quarter,66728,Yes,2014,73272
NFI,OPM,260000,0,Second Quarter,260000,Yes,2014,0
CASH,OXFAM,4706760,0,Second Quarter,2028366,Yes,2014,2678394
NFI,OXFAM,3527790,732856,Second Quarter,1728824,Yes,2014,1798966
PROTECTION,OXFAM,286930,246956,Second Quarter,-109700,Yes,2014,396630
WASH,OXFAM,4532549,1155845,Second Quarter,1974100,Yes,2014,2558449
CASH,PU-AMI,1880000,390304,Second Quarter,1310156,Yes,2014,569844
HEALTH,PU-AMI,630946,0,Second Quarter,630946,Yes,2014,0
NFI,PU-AMI,14240,0,Second Quarter,14240,Yes,2014,0
SHELTER,PU-AMI,355759,0,Second Quarter,144995,Yes,2014,210764
PROTECTION,PU-AMI,0,0,Second Quarter,0,Yes,2014,0
PROTECTION,Questcope,267500,0,Second Quarter,53475,Yes,2014,214025
HEALTH,RHAS,480000,0,Second Quarter,480000,Yes,2014,0
EDUCATION,RI,4180000,0,Second Quarter,4180000,Yes,2014,0
HEALTH,RI,1500000,0,Second Quarter,1500000,Yes,2014,0
WASH,RI,8270000,0,Second Quarter,8270000,Yes,2014,0
EDUCATION,SC Jordan,400000,2178,Second Quarter,397822,Yes,2014,2178
HEALTH,SC Jordan,1000000,32606,Second Quarter,951907,Yes,2014,48093
PROTECTION,SC Jordan,1515000,167264,Second Quarter,1250445,Yes,2014,264555
CASH,SCI,2000000,1254528,Second Quarter,-3930529,Yes,2014,5930529
EDUCATION,SCI,2055000,8218208,Second Quarter,-6731248,Yes,2014,8786248
NFI,SCI,2050000,257500,Second Quarter,76359,Yes,2014,1973641
PROTECTION,SCI,2351000,1720680,Second Quarter,-310093,Yes,2014,2661093
EDUCATION,Taghyeer,220000,13000,Second Quarter,207000,Yes,2014,13000
PROTECTION,TDH,475164,222644,Second Quarter,21718,Yes,2014,453446
EDUCATION,TDHI,163000,0,Second Quarter,163000,Yes,2014,0
HEALTH,TDHI,59000,0,Second Quarter,59000,Yes,2014,0
PROTECTION,TDHI,192000,0,Second Quarter,192000,Yes,2014,0
PROTECTION,TGH,414500,0,Second Quarter,373400,Yes,2014,41100
PROTECTION,Un Women,600000,0,Second Quarter,600000,Yes,2014,0
PROTECTION,UNDP,5500000,0,Second Quarter,5500000,Yes,2014,0
WASH,UNDP,5000000,0,Second Quarter,5000000,Yes,2014,0
EDUCATION,UNESCO,2747679,0,Second Quarter,1000000,Yes,2014,1747679
PROTECTION,UNESCO,453892,0,Second Quarter,0,Yes,2014,453892
HEALTH,UNFPA,7313562,2039043,Second Quarter,2944519,Yes,2014,4369043
PROTECTION,UNFPA,5666130,1582703,Second Quarter,2173427,Yes,2014,3492703
SHELTER,UNHABITAT,4350000,0,Second Quarter,4350000,Yes,2014,0
WASH,UNHABITAT,1235000,0,Second Quarter,1235000,Yes,2014,0
CASH,UNHCR,56772883,27272264,Second Quarter,14013788,Yes,2014,42759095
EDUCATION,UNHCR,1750000,0,Second Quarter,1441869,Yes,2014,308131
FOOD SECURITY,UNHCR,500000,0,Second Quarter,411963,Yes,2014,88037
HEALTH,UNHCR,22573996,0,Second Quarter,17252048,Yes,2014,5321948
NFI,UNHCR,34145087,1828452,Second Quarter,24922217,Yes,2014,9222870
PROTECTION,UNHCR,56563588,7973517,Second Quarter,27544057,Yes,2014,29019531
SHELTER,UNHCR,88103981,16885912,Second Quarter,50172854,Yes,2014,37931127
WASH,UNHCR,13470300,0,Second Quarter,10875520,Yes,2014,2594780
EDUCATION,UNICEF,42458325,0,Second Quarter,14364529,Yes,2014,28093796
HEALTH,UNICEF,9768019,0,Second Quarter,8368570,Yes,2014,1399449
PROTECTION,UNICEF,22085515,0,Second Quarter,-1866871,Yes,2014,23952386
WASH,UNICEF,66407040,0,Second Quarter,44188688,Yes,2014,22218352
HEALTH,UNOPS,1900000,0,Second Quarter,1400000,Yes,2014,500000
SHELTER,UNOPS,2800000,0,Second Quarter,2800000,Yes,2014,0
HEALTH,UPP,138681,0,Second Quarter,53936,Yes,2014,84745
PROTECTION,UPP,107261,0,Second Quarter,-90479,Yes,2014,197740
EDUCATION,WarChild UK,152310,0,Second Quarter,152310,Yes,2014,0
PROTECTION,WarChild UK,392568,0,Second Quarter,176272,Yes,2014,216296
FOOD SECURITY,WFP,276343066,48462259,Second Quarter,178114716,Yes,2014,98228350
HEALTH,WHO,7969000,0,Second Quarter,6255685,Yes,2014,1713315
CASH,WVI,348366,0,Second Quarter,348366,Yes,2014,0
EDUCATION,WVI,3813984,0,Second Quarter,3813984,Yes,2014,0
FOOD SECURITY,WVI,749242,3554952,Second Quarter,-2805710,Yes,2014,3554952
NFI,WVI,1724984,0,Second Quarter,159667,Yes,2014,1565317
PROTECTION,WVI,145090,0,Second Quarter,-473980,Yes,2014,619070
WASH,WVI,3439752,3177482,Second Quarter,262270,Yes,2014,3177482
HEALTH,SRD,528351,0,Second Quarter,528351,Yes,2014,0
CASH,ACF,2190000,193468,Third Quarter,1563519,Yes,2014,626481
FOOD SECURITY,ACF,200000,0,Third Quarter,200000,Yes,2014,0
HEALTH,ACF,631042,0,Third Quarter,631042,Yes,2014,0
PROTECTION,ACF,714235,78261,Third Quarter,431722,Yes,2014,282513
WASH,ACF,2957124,89190,Third Quarter,2665700,Yes,2014,291424
CASH,ACTED,1600000,103001,Third Quarter,111999,Yes,2014,1488001
FOOD SECURITY,ACTED,850000,0,Third Quarter,850000,Yes,2014,0
NFI,ACTED,2000000,167377,Third Quarter,1112255,Yes,2014,887745
PROTECTION,ACTED,600000,56959,Third Quarter,533041,Yes,2014,66959
SHELTER,ACTED,500000,0,Third Quarter,500000,Yes,2014,0
WASH,ACTED,4615000,158793,Third Quarter,3546207,Yes,2014,1068793
EDUCATION,ActionAid,378260,250120,Third Quarter,0,Yes,2014,378260
EDUCATION,ADRA,77500,0,Third Quarter,-45500,Yes,2014,123000
SHELTER,ADRA,750000,0,Third Quarter,750000,Yes,2014,0
CASH,AVSI,922474,93691,Third Quarter,528025,Yes,2014,394449
EDUCATION,AVSI,177500,21330,Third Quarter,136170,Yes,2014,41330
NFI,AVSI,275485,0,Third Quarter,12645,Yes,2014,262840
PROTECTION,AVSI,312500,0,Third Quarter,192500,Yes,2014,120000
CASH,CARE,13500000,1137000,Third Quarter,3237592,Yes,2014,10262408
NFI,CARE,2500000,0,Third Quarter,2334200,Yes,2014,165800
PROTECTION,CARE,5250000,122500,Third Quarter,4568073,Yes,2014,681927
CASH,Caritas Jordan,1271186,0,Third Quarter,1271186,Yes,2014,0
EDUCATION,Caritas Jordan,1585000,0,Third Quarter,-3110743,Yes,2014,4695743
FOOD SECURITY,Caritas Jordan,1329801,500000,Third Quarter,-287798,Yes,2014,1617599
HEALTH,Caritas Jordan,6800000,710000,Third Quarter,-1145365,Yes,2014,7945365
NFI,Caritas Jordan,1852600,337601,Third Quarter,-394935,Yes,2014,2247535
SHELTER,Caritas Jordan,1677540,170000,Third Quarter,-806303,Yes,2014,2483843
EDUCATION,CHF,1000000,0,Third Quarter,1000000,Yes,2014,0
PROTECTION,CHF,9390000,0,Third Quarter,9390000,Yes,2014,0
SHELTER,CHF,57600,0,Third Quarter,57600,Yes,2014,0
WASH,CHF,114500,0,Third Quarter,114500,Yes,2014,0
HEALTH,CVT,2500000,900000,Third Quarter,-50000,Yes,2014,2550000
CASH,DRC,2449600,1072854,Third Quarter,257707,Yes,2014,2191893
EDUCATION,DRC,215000,95594,Third Quarter,119406,Yes,2014,95594
NFI,DRC,1424645,168096,Third Quarter,444259,Yes,2014,980386
PROTECTION,DRC,2142880,1076174,Third Quarter,780795,Yes,2014,1362085
SHELTER,DRC,109400,0,Third Quarter,49406,Yes,2014,59994
FOOD SECURITY,FAO,5000000,0,Third Quarter,4860000,Yes,2014,140000
EDUCATION,FCA,1100000,0,Third Quarter,497536,Yes,2014,602464
PROTECTION,FCA,1100000,0,Third Quarter,497536,Yes,2014,602464
PROTECTION,FPSC,1536680,273722,Third Quarter,1021728,Yes,2014,514952
HEALTH,FRC,750000,0,Third Quarter,750000,Yes,2014,0
CASH,HI,3100000,1000000,Third Quarter,-400000,Yes,2014,3500000
HEALTH,HI,3000000,750000,Third Quarter,0,Yes,2014,3000000
PROTECTION,HI,3500000,750000,Third Quarter,0,Yes,2014,3500000
WASH,HI,400000,0,Third Quarter,400000,Yes,2014,0
CASH,ICMC,313780,0,Third Quarter,52112,Yes,2014,261668
NFI,ICMC,550000,165521,Third Quarter,-50521,Yes,2014,600521
PROTECTION,ICMC,357333,0,Third Quarter,-28000,Yes,2014,385333
SHELTER,ICMC,886942,424183,Third Quarter,216759,Yes,2014,670183
PROTECTION,ILO,1435000,0,Third Quarter,1435000,Yes,2014,0
HEALTH,IMC,6814589,1192730,Third Quarter,240431,Yes,2014,6574158
PROTECTION,IMC,4095080,407270,Third Quarter,1686665,Yes,2014,2408415
PROTECTION,Internews,252000,0,Third Quarter,252000,Yes,2014,0
CASH,Intersos,651000,252766,Third Quarter,398234,Yes,2014,252766
PROTECTION,Intersos,650000,0,Third Quarter,515990,Yes,2014,134010
SHELTER,Intersos,598500,0,Third Quarter,598500,Yes,2014,0
PROTECTION,IOM,5382141,0,Third Quarter,3082141,Yes,2014,2300000
SHELTER,IOM,3750000,0,Third Quarter,3750000,Yes,2014,0
EDUCATION,IR,430000,8331,Third Quarter,139917,Yes,2014,290083
HEALTH,IR,4669782,284811,Third Quarter,3338604,Yes,2014,1331178
NFI,IR,1335560,0,Third Quarter,669184,Yes,2014,666376
SHELTER,IR,1848374,441839,Third Quarter,1304253,Yes,2014,544121
FOOD SECURITY,IR,0,5588,Third Quarter,-114974,Yes,2014,114974
CASH,IRC,0,473439,Third Quarter,-2570892,Yes,2014,2570892
HEALTH,IRC,4060000,237858,Third Quarter,1756053,Yes,2014,2303947
PROTECTION,IRC,9150000,272070,Third Quarter,5662638,Yes,2014,3487362
EDUCATION,IRD,500000,0,Third Quarter,0,Yes,2014,500000
HEALTH,IRD,1474900,1124900,Third Quarter,-400000,Yes,2014,1874900
EDUCATION,JEN,1500000,264000,Third Quarter,486000,Yes,2014,1014000
NFI,JEN,1500000,0,Third Quarter,1340000,Yes,2014,160000
WASH,JEN,3500000,183000,Third Quarter,2717000,Yes,2014,783000
EDUCATION,JHAS,200000,0,Third Quarter,200000,Yes,2014,0
HEALTH,JHAS,4330000,0,Third Quarter,4330000,Yes,2014,0
NFI,JHAS,1545700,0,Third Quarter,708873,Yes,2014,836827
SHELTER,JHAS,500000,0,Third Quarter,-69423,Yes,2014,569423
WASH,JHAS,500000,0,Third Quarter,149700,Yes,2014,350300
FOOD SECURITY,JHCO,2012500,0,Third Quarter,2012500,Yes,2014,0
EDUCATION,KnK Japan,624300,0,Third Quarter,-838,Yes,2014,625138
EDUCATION,LWF,1186440,418000,Third Quarter,-337560,Yes,2014,1524000
NFI,LWF,1768817,475000,Third Quarter,-226183,Yes,2014,1995000
PROTECTION,LWF,1072000,165000,Third Quarter,457000,Yes,2014,615000
SHELTER,LWF,141243,285000,Third Quarter,-516757,Yes,2014,658000
WASH,LWF,670593,575000,Third Quarter,-537407,Yes,2014,1208000
EDUCATION,MA,290000,39753,Third Quarter,199247,Yes,2014,90753
NFI,MA,330000,0,Third Quarter,146550,Yes,2014,183450
EDUCATION,MADRASATI ,970200,0,Third Quarter,970200,Yes,2014,0
HEALTH,MDM,4150000,0,Third Quarter,660313,Yes,2014,3489687
CASH,MEDAIR,1915200,8000,Third Quarter,669376,Yes,2014,1245824
HEALTH,MEDAIR,1518000,0,Third Quarter,1278733,Yes,2014,239267
NFI,MEDAIR,1528000,0,Third Quarter,1341441,Yes,2014,186559
SHELTER,MEDAIR,1763000,24000,Third Quarter,1348375,Yes,2014,414625
WASH,MEDAIR,1680000,0,Third Quarter,1680000,Yes,2014,0
CASH,Mercy Corps,260000,20000,Third Quarter,15400,Yes,2014,244600
EDUCATION,Mercy Corps,2000000,82000,Third Quarter,1661000,Yes,2014,339000
NFI,Mercy Corps,3750000,90000,Third Quarter,3230000,Yes,2014,520000
PROTECTION,Mercy Corps,4150000,310000,Third Quarter,3340000,Yes,2014,810000
SHELTER,Mercy Corps,2175000,0,Third Quarter,1795000,Yes,2014,380000
WASH,Mercy Corps,5348899,400000,Third Quarter,4629244,Yes,2014,719655
NFI,MPDL,60000,0,Third Quarter,60000,Yes,2014,0
PROTECTION,MPDL,133000,0,Third Quarter,85260,Yes,2014,47740
EDUCATION,NICCOD,292000,0,Third Quarter,0,Yes,2014,292000
HEALTH,NICCOD,177500,0,Third Quarter,0,Yes,2014,177500
NFI,NICCOD,835000,0,Third Quarter,0,Yes,2014,835000
PROTECTION,NICCOD,50000,0,Third Quarter,0,Yes,2014,50000
EDUCATION,NRC,3306200,0,Third Quarter,218817,Yes,2014,3087383
NFI,NRC,10250000,2927679,Third Quarter,5122321,Yes,2014,5127679
PROTECTION,NRC,750000,0,Third Quarter,-783024,Yes,2014,1533024
SHELTER,NRC,10240000,410000,Third Quarter,78276,Yes,2014,10161724
HEALTH,OPM,140000,0,Third Quarter,66728,Yes,2014,73272
NFI,OPM,260000,0,Third Quarter,260000,Yes,2014,0
CASH,OXFAM,4706760,0,Third Quarter,2028366,Yes,2014,2678394
NFI,OXFAM,3527790,50000,Third Quarter,1678824,Yes,2014,1848966
PROTECTION,OXFAM,286930,743146,Third Quarter,-852846,Yes,2014,1139776
WASH,OXFAM,4532549,150000,Third Quarter,1824100,Yes,2014,2708449
CASH,PU-AMI,1880000,0,Third Quarter,1310156,Yes,2014,569844
HEALTH,PU-AMI,630946,0,Third Quarter,630946,Yes,2014,0
NFI,PU-AMI,14240,0,Third Quarter,14240,Yes,2014,0
SHELTER,PU-AMI,355759,0,Third Quarter,144995,Yes,2014,210764
PROTECTION,PU-AMI,0,44860,Third Quarter,-44860,Yes,2014,44860
PROTECTION,Questcope,267500,0,Third Quarter,53475,Yes,2014,214025
HEALTH,RHAS,480000,0,Third Quarter,480000,Yes,2014,0
EDUCATION,RI,4180000,0,Third Quarter,4180000,Yes,2014,0
HEALTH,RI,1500000,0,Third Quarter,1500000,Yes,2014,0
WASH,RI,8270000,0,Third Quarter,8270000,Yes,2014,0
EDUCATION,SC Jordan,400000,13376,Third Quarter,384446,Yes,2014,15554
HEALTH,SC Jordan,1000000,0,Third Quarter,951907,Yes,2014,48093
PROTECTION,SC Jordan,1515000,5201,Third Quarter,1245244,Yes,2014,269756
CASH,SCI,2000000,339023,Third Quarter,-4269552,Yes,2014,6269552
EDUCATION,SCI,2055000,716889,Third Quarter,-7448137,Yes,2014,9503137
NFI,SCI,2050000,0,Third Quarter,76359,Yes,2014,1973641
PROTECTION,SCI,2351000,238491,Third Quarter,-548584,Yes,2014,2899584
EDUCATION,Taghyeer,220000,0,Third Quarter,207000,Yes,2014,13000
PROTECTION,TDH,475164,257061,Third Quarter,-235343,Yes,2014,710507
EDUCATION,TDHI,163000,0,Third Quarter,163000,Yes,2014,0
HEALTH,TDHI,59000,0,Third Quarter,59000,Yes,2014,0
PROTECTION,TDHI,192000,0,Third Quarter,192000,Yes,2014,0
PROTECTION,TGH,414500,0,Third Quarter,373400,Yes,2014,41100
PROTECTION,Un Women,600000,0,Third Quarter,600000,Yes,2014,0
PROTECTION,UNDP,5500000,0,Third Quarter,5500000,Yes,2014,0
WASH,UNDP,5000000,0,Third Quarter,5000000,Yes,2014,0
EDUCATION,UNESCO,2747679,0,Third Quarter,1000000,Yes,2014,1747679
PROTECTION,UNESCO,453892,0,Third Quarter,0,Yes,2014,453892
HEALTH,UNFPA,7313562,0,Third Quarter,2944519,Yes,2014,4369043
PROTECTION,UNFPA,5666130,0,Third Quarter,2173427,Yes,2014,3492703
SHELTER,UNHABITAT,4350000,0,Third Quarter,4350000,Yes,2014,0
WASH,UNHABITAT,1235000,0,Third Quarter,1235000,Yes,2014,0
CASH,UNHCR,56772883,3832850,Third Quarter,10180938,Yes,2014,46591945
EDUCATION,UNHCR,1750000,271666,Third Quarter,1170203,Yes,2014,579797
FOOD SECURITY,UNHCR,500000,77619,Third Quarter,334344,Yes,2014,165656
HEALTH,UNHCR,22573996,7873028,Third Quarter,9379020,Yes,2014,13194976
NFI,UNHCR,34145087,5641515,Third Quarter,19280702,Yes,2014,14864385
PROTECTION,UNHCR,56563588,15119928,Third Quarter,12424129,Yes,2014,44139459
SHELTER,UNHCR,88103981,18865396,Third Quarter,31307458,Yes,2014,56796523
WASH,UNHCR,13470300,4170377,Third Quarter,6705143,Yes,2014,6765157
EDUCATION,UNICEF,42458325,0,Third Quarter,14364529,Yes,2014,28093796
HEALTH,UNICEF,9768019,1000000,Third Quarter,7368570,Yes,2014,2399449
PROTECTION,UNICEF,22085515,990434,Third Quarter,-2857305,Yes,2014,24942820
WASH,UNICEF,66407040,10531695,Third Quarter,33656993,Yes,2014,32750047
HEALTH,UNOPS,1900000,0,Third Quarter,1400000,Yes,2014,500000
SHELTER,UNOPS,2800000,0,Third Quarter,2800000,Yes,2014,0
HEALTH,UPP,138681,0,Third Quarter,53936,Yes,2014,84745
PROTECTION,UPP,107261,0,Third Quarter,-90479,Yes,2014,197740
EDUCATION,WarChild UK,152310,0,Third Quarter,152310,Yes,2014,0
PROTECTION,WarChild UK,392568,0,Third Quarter,176272,Yes,2014,216296
FOOD SECURITY,WFP,276343066,64239074,Third Quarter,113875642,Yes,2014,162467424
HEALTH,WHO,7969000,750000,Third Quarter,5505685,Yes,2014,2463315
CASH,WVI,348366,0,Third Quarter,348366,Yes,2014,0
EDUCATION,WVI,3813984,2006960,Third Quarter,1807024,Yes,2014,2006960
FOOD SECURITY,WVI,749242,0,Third Quarter,-2805710,Yes,2014,3554952
NFI,WVI,1724984,0,Third Quarter,159667,Yes,2014,1565317
PROTECTION,WVI,145090,0,Third Quarter,-473980,Yes,2014,619070
WASH,WVI,3439752,615287,Third Quarter,-353017,Yes,2014,3792769
HEALTH,SRD,528351,0,Third Quarter,528351,Yes,2014,0
CASH,ACF,2190000,320574,Fourth Quarter,1242945,Yes,2014,947055
FOOD SECURITY,ACF,200000,0,Fourth Quarter,200000,Yes,2014,0
HEALTH,ACF,631042,0,Fourth Quarter,631042,Yes,2014,0
PROTECTION,ACF,714235,148983,Fourth Quarter,282739,Yes,2014,431496
WASH,ACF,2957124,125681,Fourth Quarter,2540019,Yes,2014,417105
CASH,ACTED,1600000,0,Fourth Quarter,111999,Yes,2014,1488001
FOOD SECURITY,ACTED,850000,0,Fourth Quarter,850000,Yes,2014,0
NFI,ACTED,2000000,0,Fourth Quarter,1112255,Yes,2014,887745
PROTECTION,ACTED,600000,78708,Fourth Quarter,454333,Yes,2014,145667
SHELTER,ACTED,500000,0,Fourth Quarter,500000,Yes,2014,0
WASH,ACTED,4615000,0,Fourth Quarter,3546207,Yes,2014,1068793
EDUCATION,ActionAid,378260,0,Fourth Quarter,0,Yes,2014,378260
EDUCATION,ADRA,77500,0,Fourth Quarter,-45500,Yes,2014,123000
SHELTER,ADRA,750000,0,Fourth Quarter,750000,Yes,2014,0
CASH,AVSI,922474,0,Fourth Quarter,528025,Yes,2014,394449
EDUCATION,AVSI,177500,0,Fourth Quarter,136170,Yes,2014,41330
NFI,AVSI,275485,0,Fourth Quarter,12645,Yes,2014,262840
PROTECTION,AVSI,312500,0,Fourth Quarter,192500,Yes,2014,120000
CASH,CARE,13500000,1254749,Fourth Quarter,1982843,Yes,2014,11517157
NFI,CARE,2500000,0,Fourth Quarter,2334200,Yes,2014,165800
PROTECTION,CARE,5250000,135045,Fourth Quarter,4433028,Yes,2014,816972
CASH,Caritas Jordan,1271186,262229,Fourth Quarter,1008957,Yes,2014,262229
EDUCATION,Caritas Jordan,1585000,73797,Fourth Quarter,-3184540,Yes,2014,4769540
FOOD SECURITY,Caritas Jordan,1329801,797066,Fourth Quarter,-1084864,Yes,2014,2414665
HEALTH,Caritas Jordan,6800000,700785,Fourth Quarter,-1846150,Yes,2014,8646150
NFI,Caritas Jordan,1852600,424000,Fourth Quarter,-818935,Yes,2014,2671535
SHELTER,Caritas Jordan,1677540,211653,Fourth Quarter,-1017956,Yes,2014,2695496
EDUCATION,CHF,1000000,0,Fourth Quarter,1000000,Yes,2014,0
PROTECTION,CHF,9390000,0,Fourth Quarter,9390000,Yes,2014,0
SHELTER,CHF,57600,0,Fourth Quarter,57600,Yes,2014,0
WASH,CHF,114500,0,Fourth Quarter,114500,Yes,2014,0
HEALTH,CVT,2500000,0,Fourth Quarter,-50000,Yes,2014,2550000
CASH,DRC,2449600,471558,Fourth Quarter,-213851,Yes,2014,2663451
EDUCATION,DRC,215000,0,Fourth Quarter,119406,Yes,2014,95594
NFI,DRC,1424645,0,Fourth Quarter,444259,Yes,2014,980386
PROTECTION,DRC,2142880,422986,Fourth Quarter,357809,Yes,2014,1785071
SHELTER,DRC,109400,0,Fourth Quarter,49406,Yes,2014,59994
FOOD SECURITY,FAO,5000000,0,Fourth Quarter,4860000,Yes,2014,140000
EDUCATION,FCA,1100000,0,Fourth Quarter,497536,Yes,2014,602464
PROTECTION,FCA,1100000,0,Fourth Quarter,497536,Yes,2014,602464
PROTECTION,FPSC,1536680,0,Fourth Quarter,1021728,Yes,2014,514952
HEALTH,FRC,750000,0,Fourth Quarter,750000,Yes,2014,0
CASH,HI,3100000,0,Fourth Quarter,-400000,Yes,2014,3500000
HEALTH,HI,3000000,0,Fourth Quarter,0,Yes,2014,3000000
PROTECTION,HI,3500000,0,Fourth Quarter,0,Yes,2014,3500000
WASH,HI,400000,0,Fourth Quarter,400000,Yes,2014,0
CASH,ICMC,313780,0,Fourth Quarter,52112,Yes,2014,261668
NFI,ICMC,550000,13175,Fourth Quarter,-63696,Yes,2014,613696
PROTECTION,ICMC,357333,0,Fourth Quarter,-28000,Yes,2014,385333
SHELTER,ICMC,886942,13175,Fourth Quarter,203584,Yes,2014,683358
PROTECTION,ILO,1435000,0,Fourth Quarter,1435000,Yes,2014,0
HEALTH,IMC,6814589,0,Fourth Quarter,240431,Yes,2014,6574158
PROTECTION,IMC,4095080,0,Fourth Quarter,1686665,Yes,2014,2408415
PROTECTION,Internews,252000,0,Fourth Quarter,252000,Yes,2014,0
CASH,Intersos,651000,0,Fourth Quarter,398234,Yes,2014,252766
PROTECTION,Intersos,650000,0,Fourth Quarter,515990,Yes,2014,134010
SHELTER,Intersos,598500,0,Fourth Quarter,598500,Yes,2014,0
PROTECTION,IOM,5382141,0,Fourth Quarter,3082141,Yes,2014,2300000
SHELTER,IOM,3750000,0,Fourth Quarter,3750000,Yes,2014,0
EDUCATION,IR,430000,0,Fourth Quarter,139917,Yes,2014,290083
HEALTH,IR,4669782,0,Fourth Quarter,3338604,Yes,2014,1331178
NFI,IR,1335560,0,Fourth Quarter,669184,Yes,2014,666376
SHELTER,IR,1848374,0,Fourth Quarter,1304253,Yes,2014,544121
FOOD SECURITY,IR,0,0,Fourth Quarter,-114974,Yes,2014,114974
CASH,IRC,0,0,Fourth Quarter,-2570892,Yes,2014,2570892
HEALTH,IRC,4060000,500000,Fourth Quarter,1256053,Yes,2014,2803947
PROTECTION,IRC,9150000,0,Fourth Quarter,5662638,Yes,2014,3487362
EDUCATION,IRD,500000,0,Fourth Quarter,0,Yes,2014,500000
HEALTH,IRD,1474900,414363,Fourth Quarter,-814363,Yes,2014,2289263
EDUCATION,JEN,1500000,0,Fourth Quarter,486000,Yes,2014,1014000
NFI,JEN,1500000,0,Fourth Quarter,1340000,Yes,2014,160000
WASH,JEN,3500000,0,Fourth Quarter,2717000,Yes,2014,783000
EDUCATION,JHAS,200000,0,Fourth Quarter,200000,Yes,2014,0
HEALTH,JHAS,4330000,0,Fourth Quarter,4330000,Yes,2014,0
NFI,JHAS,1545700,0,Fourth Quarter,708873,Yes,2014,836827
SHELTER,JHAS,500000,0,Fourth Quarter,-69423,Yes,2014,569423
WASH,JHAS,500000,0,Fourth Quarter,149700,Yes,2014,350300
FOOD SECURITY,JHCO,2012500,0,Fourth Quarter,2012500,Yes,2014,0
EDUCATION,KnK Japan,624300,0,Fourth Quarter,-838,Yes,2014,625138
EDUCATION,LWF,1186440,61000,Fourth Quarter,-398560,Yes,2014,1585000
NFI,LWF,1768817,53000,Fourth Quarter,-279183,Yes,2014,2048000
PROTECTION,LWF,1072000,0,Fourth Quarter,457000,Yes,2014,615000
SHELTER,LWF,141243,57000,Fourth Quarter,-573757,Yes,2014,715000
WASH,LWF,670593,14000,Fourth Quarter,-551407,Yes,2014,1222000
EDUCATION,MA,290000,0,Fourth Quarter,199247,Yes,2014,90753
NFI,MA,330000,0,Fourth Quarter,146550,Yes,2014,183450
EDUCATION,MADRASATI ,970200,0,Fourth Quarter,970200,Yes,2014,0
HEALTH,MDM,4150000,0,Fourth Quarter,660313,Yes,2014,3489687
CASH,MEDAIR,1915200,1007559,Fourth Quarter,-338183,Yes,2014,2253383
HEALTH,MEDAIR,1518000,165335,Fourth Quarter,1113398,Yes,2014,404602
NFI,MEDAIR,1528000,187379,Fourth Quarter,1154062,Yes,2014,373938
SHELTER,MEDAIR,1763000,0,Fourth Quarter,1348375,Yes,2014,414625
WASH,MEDAIR,1680000,0,Fourth Quarter,1680000,Yes,2014,0
CASH,Mercy Corps,260000,0,Fourth Quarter,15400,Yes,2014,244600
EDUCATION,Mercy Corps,2000000,0,Fourth Quarter,1661000,Yes,2014,339000
NFI,Mercy Corps,3750000,0,Fourth Quarter,3230000,Yes,2014,520000
PROTECTION,Mercy Corps,4150000,3010000,Fourth Quarter,330000,Yes,2014,3820000
SHELTER,Mercy Corps,2175000,0,Fourth Quarter,1795000,Yes,2014,380000
WASH,Mercy Corps,5348899,500000,Fourth Quarter,4129244,Yes,2014,1219655
NFI,MPDL,60000,0,Fourth Quarter,60000,Yes,2014,0
PROTECTION,MPDL,133000,0,Fourth Quarter,85260,Yes,2014,47740
EDUCATION,NICCOD,292000,0,Fourth Quarter,0,Yes,2014,292000
HEALTH,NICCOD,177500,0,Fourth Quarter,0,Yes,2014,177500
NFI,NICCOD,835000,0,Fourth Quarter,0,Yes,2014,835000
PROTECTION,NICCOD,50000,0,Fourth Quarter,0,Yes,2014,50000
EDUCATION,NRC,3306200,0,Fourth Quarter,218817,Yes,2014,3087383
NFI,NRC,10250000,0,Fourth Quarter,5122321,Yes,2014,5127679
PROTECTION,NRC,750000,0,Fourth Quarter,-783024,Yes,2014,1533024
SHELTER,NRC,10240000,0,Fourth Quarter,78276,Yes,2014,10161724
HEALTH,OPM,140000,0,Fourth Quarter,66728,Yes,2014,73272
NFI,OPM,260000,0,Fourth Quarter,260000,Yes,2014,0
CASH,OXFAM,4706760,40771,Fourth Quarter,1987595,Yes,2014,2719165
NFI,OXFAM,3527790,0,Fourth Quarter,1678824,Yes,2014,1848966
PROTECTION,OXFAM,286930,91842,Fourth Quarter,-944688,Yes,2014,1231618
WASH,OXFAM,4532549,486217,Fourth Quarter,1337883,Yes,2014,3194666
CASH,PU-AMI,1880000,152364,Fourth Quarter,1157792,Yes,2014,722208
HEALTH,PU-AMI,630946,0,Fourth Quarter,630946,Yes,2014,0
NFI,PU-AMI,14240,0,Fourth Quarter,14240,Yes,2014,0
SHELTER,PU-AMI,355759,0,Fourth Quarter,144995,Yes,2014,210764
PROTECTION,PU-AMI,0,67290,Fourth Quarter,-112150,Yes,2014,112150
PROTECTION,Questcope,267500,0,Fourth Quarter,53475,Yes,2014,214025
HEALTH,RHAS,480000,0,Fourth Quarter,480000,Yes,2014,0
EDUCATION,RI,4180000,0,Fourth Quarter,4180000,Yes,2014,0
HEALTH,RI,1500000,0,Fourth Quarter,1500000,Yes,2014,0
WASH,RI,8270000,0,Fourth Quarter,8270000,Yes,2014,0
EDUCATION,SC Jordan,400000,7064,Fourth Quarter,377382,Yes,2014,22618
HEALTH,SC Jordan,1000000,67938,Fourth Quarter,883969,Yes,2014,116031
PROTECTION,SC Jordan,1515000,135613,Fourth Quarter,1109631,Yes,2014,405369
CASH,SCI,2000000,1473500,Fourth Quarter,-5743052,Yes,2014,7743052
EDUCATION,SCI,2055000,0,Fourth Quarter,-7448137,Yes,2014,9503137
NFI,SCI,2050000,137731,Fourth Quarter,-61372,Yes,2014,2111372
PROTECTION,SCI,2351000,0,Fourth Quarter,-548584,Yes,2014,2899584
EDUCATION,Taghyeer,220000,0,Fourth Quarter,207000,Yes,2014,13000
PROTECTION,TDH,475164,0,Fourth Quarter,-235343,Yes,2014,710507
EDUCATION,TDHI,163000,0,Fourth Quarter,163000,Yes,2014,0
HEALTH,TDHI,59000,0,Fourth Quarter,59000,Yes,2014,0
PROTECTION,TDHI,192000,0,Fourth Quarter,192000,Yes,2014,0
PROTECTION,TGH,414500,0,Fourth Quarter,373400,Yes,2014,41100
PROTECTION,Un Women,600000,1371600,Fourth Quarter,-771600,Yes,2014,1371600
PROTECTION,UNDP,5500000,0,Fourth Quarter,5500000,Yes,2014,0
WASH,UNDP,5000000,0,Fourth Quarter,5000000,Yes,2014,0
EDUCATION,UNESCO,2747679,0,Fourth Quarter,1000000,Yes,2014,1747679
PROTECTION,UNESCO,453892,0,Fourth Quarter,0,Yes,2014,453892
HEALTH,UNFPA,7313562,0,Fourth Quarter,2944519,Yes,2014,4369043
PROTECTION,UNFPA,5666130,0,Fourth Quarter,2173427,Yes,2014,3492703
SHELTER,UNHABITAT,4350000,0,Fourth Quarter,4350000,Yes,2014,0
WASH,UNHABITAT,1235000,0,Fourth Quarter,1235000,Yes,2014,0
CASH,UNHCR,56772883,3246664,Fourth Quarter,6934274,Yes,2014,49838609
EDUCATION,UNHCR,1750000,2971,Fourth Quarter,1167232,Yes,2014,582768
FOOD SECURITY,UNHCR,500000,849,Fourth Quarter,333495,Yes,2014,166505
HEALTH,UNHCR,22573996,955435,Fourth Quarter,8423585,Yes,2014,14150411
NFI,UNHCR,34145087,519466,Fourth Quarter,18761236,Yes,2014,15383851
PROTECTION,UNHCR,56563588,447202,Fourth Quarter,11976927,Yes,2014,44586661
SHELTER,UNHCR,88103981,22566,Fourth Quarter,31284892,Yes,2014,56819089
WASH,UNHCR,13470300,410028,Fourth Quarter,6295115,Yes,2014,7175185
EDUCATION,UNICEF,42458325,7430000,Fourth Quarter,6934529,Yes,2014,35523796
HEALTH,UNICEF,9768019,988702,Fourth Quarter,6379868,Yes,2014,3388151
PROTECTION,UNICEF,22085515,2376696,Fourth Quarter,-5234001,Yes,2014,27319516
WASH,UNICEF,66407040,17890384,Fourth Quarter,15766609,Yes,2014,50640431
HEALTH,UNOPS,1900000,0,Fourth Quarter,1400000,Yes,2014,500000
SHELTER,UNOPS,2800000,0,Fourth Quarter,2800000,Yes,2014,0
HEALTH,UPP,138681,0,Fourth Quarter,53936,Yes,2014,84745
PROTECTION,UPP,107261,0,Fourth Quarter,-90479,Yes,2014,197740
EDUCATION,WarChild UK,152310,45000,Fourth Quarter,107310,Yes,2014,45000
PROTECTION,WarChild UK,392568,0,Fourth Quarter,176272,Yes,2014,216296
FOOD SECURITY,WFP,276343066,86325766,Fourth Quarter,27549876,Yes,2014,248793190
HEALTH,WHO,7969000,0,Fourth Quarter,5505685,Yes,2014,2463315
CASH,WVI,348366,0,Fourth Quarter,348366,Yes,2014,0
EDUCATION,WVI,3813984,725856,Fourth Quarter,1081168,Yes,2014,2732816
FOOD SECURITY,WVI,749242,0,Fourth Quarter,-2805710,Yes,2014,3554952
NFI,WVI,1724984,0,Fourth Quarter,159667,Yes,2014,1565317
PROTECTION,WVI,145090,0,Fourth Quarter,-473980,Yes,2014,619070
WASH,WVI,3439752,0,Fourth Quarter,-353017,Yes,2014,3792769
HEALTH,SRD,528351,0,Fourth Quarter,528351,Yes,2014,0
